orig_url,clean_url,status,original_post_text
https://www.factcrescendo.com/the-aerial-footage-of-the-burning-maersk-ship-is-old-and-not-related-to-israel/amp/,https://www.factcrescendo.com/the-aerial-footage-of-the-burning-maersk-ship-is-old-and-not-related-to-israel/,200,
https://www.factcrescendo.com/video-of-mohan-yadav-scolding-corrupt-employees-is-old/,https://www.factcrescendo.com/video-of-mohan-yadav-scolding-corrupt-employees-is-old/,200,
https://www.factcrescendo.com/three-year-old-video-goes-viral-claiming-it-to-be-about-the-current-israeli-palestinian-war/,https://www.factcrescendo.com/three-year-old-video-goes-viral-claiming-it-to-be-about-the-current-israeli-palestinian-war/,200,
https://www.factcrescendo.com/old-news-about-20-mlas-leaving-bjp-viral-as-recent/amp/,https://www.factcrescendo.com/old-news-about-20-mlas-leaving-bjp-viral-as-recent/,200,
https://www.factcrescendo.com/video-of-israeli-soldiers-destroying-palestinian-road-in-2021/,https://www.factcrescendo.com/video-of-israeli-soldiers-destroying-palestinian-road-in-2021/,200,
https://www.factcrescendo.com/old-video-of-baba-balaknath-threatening-police-viral-as-recent/amp/,https://www.factcrescendo.com/old-video-of-baba-balaknath-threatening-police-viral-as-recent/,200,
https://www.factcrescendo.com/rahul-gandhi-money-from-hand-pump-statement-shared-without-context/amp/,https://www.factcrescendo.com/rahul-gandhi-money-from-hand-pump-statement-shared-without-context/,200,*आलू से सोना-के बाद* *पेश है-पंप से पैसा* pic.twitter.com/0iy8kR7Hkc
https://www.factcrescendo.com/old-video-of-shivraj-singh-chauhan-meeting-dhirendra-shastri-viral-on-the-internet/amp/,https://www.factcrescendo.com/old-video-of-shivraj-singh-chauhan-meeting-dhirendra-shastri-viral-on-the-internet/,200,
https://www.factcrescendo.com/this-video-of-religious-clash-is-from-maharashtra-not-from-congress-ruled-state-karnataka/amp/,https://www.factcrescendo.com/this-video-of-religious-clash-is-from-maharashtra-not-from-congress-ruled-state-karnataka/,200,
https://www.factcrescendo.com/did-the-police-forcibly-hand-over-the-pistol-to-the-biker-to-implicate-him-in-a-false-case/amp/,https://www.factcrescendo.com/did-the-police-forcibly-hand-over-the-pistol-to-the-biker-to-implicate-him-in-a-false-case/,200,pic.twitter.com/vMeH2PxfOU
https://www.factcrescendo.com/the-man-caught-in-an-objectionable-position-in-a-hotel-with-his-girlfriend-is-not-a-bjp-mla/amp/,https://www.factcrescendo.com/the-man-caught-in-an-objectionable-position-in-a-hotel-with-his-girlfriend-is-not-a-bjp-mla/,503,
https://www.factcrescendo.com/old-video-of-kamal-nath-cutting-temple-shaped-cake-viral-as-recent/,https://www.factcrescendo.com/old-video-of-kamal-nath-cutting-temple-shaped-cake-viral-as-recent/,200,
https://www.factcrescendo.com/alse-news-about-vasundhara-raje-not-holding-poster-in-bjp-sankalp-patra-release/amp/,https://www.factcrescendo.com/alse-news-about-vasundhara-raje-not-holding-poster-in-bjp-sankalp-patra-release/,503,
https://www.factcrescendo.com/did-bjp-candidate-kirori-lal-meena-call-his-own-party-hungry-wolves/,https://www.factcrescendo.com/did-bjp-candidate-kirori-lal-meena-call-his-own-party-hungry-wolves/,503,
https://www.factcrescendo.com/clipped-video-claiming-rahul-gandhi-is-saying-cm-bhupesh-baghel-is-working-for-adani-viral/amp/,https://www.factcrescendo.com/clipped-video-claiming-rahul-gandhi-is-saying-cm-bhupesh-baghel-is-working-for-adani-viral/,503,
https://www.factcrescendo.com/old-video-of-police-teaching-lesson-to-boys-playing-loud-pungi-in-mp-falsely-shared/amp/,https://www.factcrescendo.com/old-video-of-police-teaching-lesson-to-boys-playing-loud-pungi-in-mp-falsely-shared/,503,
https://www.factcrescendo.com/old-video-of-burning-of-church-in-france-shared-as-hamas-supporter-burning-church/,https://www.factcrescendo.com/old-video-of-burning-of-church-in-france-shared-as-hamas-supporter-burning-church/,200,
https://www.factcrescendo.com/is-a-muslim-man-posing-as-a-saint-in-haridwar-cursing-hindus-no-this-person-is-a-hindu/amp/,https://www.factcrescendo.com/is-a-muslim-man-posing-as-a-saint-in-haridwar-cursing-hindus-no-this-person-is-a-hindu/,503,
https://www.factcrescendo.com/digitally-edited-video-showing-pm-modi-saying-people-vote-for-congress-for-doing-good-for-their-family-viral-2/,https://www.factcrescendo.com/digitally-edited-video-showing-pm-modi-saying-people-vote-for-congress-for-doing-good-for-their-family-viral-2/,200,
https://www.factcrescendo.com/scripted-video-showing-a-man-assaulting-a-woman-in-the-name-of-medical-treatment-viral/amp/,https://www.factcrescendo.com/scripted-video-showing-a-man-assaulting-a-woman-in-the-name-of-medical-treatment-viral/,503,
https://www.factcrescendo.com/clipped-video-of-amit-shah-saying-that-degrees-of-pm-modi-are-fake-viral/amp/,https://www.factcrescendo.com/clipped-video-of-amit-shah-saying-that-degrees-of-pm-modi-are-fake-viral/,503,
https://www.factcrescendo.com/old-video-of-lebanese-protesters-shared-as-israel-and-palestine-war/,https://www.factcrescendo.com/old-video-of-lebanese-protesters-shared-as-israel-and-palestine-war/,503,
https://www.factcrescendo.com/old-video-of-israel-airstrike-goes-viral-as-recent-ongoing-conflict/amp/,https://www.factcrescendo.com/old-video-of-israel-airstrike-goes-viral-as-recent-ongoing-conflict/,503,
https://www.factcrescendo.com/scripted-video-of-a-guard-being-dragged-by-car-driver-for-removing-the-key-viral/amp/,https://www.factcrescendo.com/scripted-video-of-a-guard-being-dragged-by-car-driver-for-removing-the-key-viral/,200,
https://www.factcrescendo.com/was-the-pakistani-cricket-team-welcomed-at-hyderabad-airport-with-slogans-of-pakistan-murdabad/,https://www.factcrescendo.com/was-the-pakistani-cricket-team-welcomed-at-hyderabad-airport-with-slogans-of-pakistan-murdabad/,200,
https://www.factcrescendo.com/did-the-muslim-girl-go-against-her-father-and-marry-a-hindu-boy-in-the-police-station-video-viral-with-false-communal-claim/amp/,https://www.factcrescendo.com/did-the-muslim-girl-go-against-her-father-and-marry-a-hindu-boy-in-the-police-station-video-viral-with-false-communal-claim/,200,pic.twitter.com/3bqqzLoFAC
https://www.factcrescendo.com/distressed-due-to-recession-diamond-traders-claimed-to-throw-diamonds-on-the-road-fake-diamonds-were-lying-on-the-road/,https://www.factcrescendo.com/distressed-due-to-recession-diamond-traders-claimed-to-throw-diamonds-on-the-road-fake-diamonds-were-lying-on-the-road/,200,
https://www.factcrescendo.com/the-claim-of-demolishing-the-temple-is-wrong-this-case-of-dragging-the-idol-is-a-part-of-a-tradition/,https://www.factcrescendo.com/the-claim-of-demolishing-the-temple-is-wrong-this-case-of-dragging-the-idol-is-a-part-of-a-tradition/,200,
https://www.factcrescendo.com/there-is-no-communal-angle-in-the-case-of-a-person-urinating-on-a-young-man-in-agra/,https://www.factcrescendo.com/there-is-no-communal-angle-in-the-case-of-a-person-urinating-on-a-young-man-in-agra/,200,
https://www.factcrescendo.com/this-video-of-snatching-a-phone-from-a-moving-train-has-been-digitally-edited/amp/,https://www.factcrescendo.com/this-video-of-snatching-a-phone-from-a-moving-train-has-been-digitally-edited/,200,
https://www.factcrescendo.com/video-of-a-man-named-giriraj-baghel-pehalwan-said-to-be-as-bhupesh-baghels-son/,https://www.factcrescendo.com/video-of-a-man-named-giriraj-baghel-pehalwan-said-to-be-as-bhupesh-baghels-son/,200,
https://www.factcrescendo.com/fake-video-of-olympian-wrestler-anshu-malik-goes-viral/amp/,https://www.factcrescendo.com/fake-video-of-olympian-wrestler-anshu-malik-goes-viral/,200,
https://www.factcrescendo.com/the-claim-of-muslims-entering-america-in-large-numbers-in-the-viral-video-is-misleading/,https://www.factcrescendo.com/the-claim-of-muslims-entering-america-in-large-numbers-in-the-viral-video-is-misleading/,503,
https://www.factcrescendo.com/the-video-of-puri-rath-yatra-recently-went-viral-as-chhatra-adhikar-yuva-hunkar-maharally-held-in-rajasthan/amp/,https://www.factcrescendo.com/the-video-of-puri-rath-yatra-recently-went-viral-as-chhatra-adhikar-yuva-hunkar-maharally-held-in-rajasthan/,503,
https://www.factcrescendo.com/this-viral-video-of-welcoming-us-president-joe-biden-is-edited/,https://www.factcrescendo.com/this-viral-video-of-welcoming-us-president-joe-biden-is-edited/,503,
https://www.factcrescendo.com/video-of-son-and-daughter-in-law-taking-their-elderly-mother-to-old-age-home-is-scripted/,https://www.factcrescendo.com/video-of-son-and-daughter-in-law-taking-their-elderly-mother-to-old-age-home-is-scripted/,503,
https://www.factcrescendo.com/video-of-domestic-violence-in-a-family-in-pakistan-goes-viral-with-false-claim/amp/,https://www.factcrescendo.com/video-of-domestic-violence-in-a-family-in-pakistan-goes-viral-with-false-claim/,503,
https://www.factcrescendo.com/old-video-of-pm-modis-rally-where-he-is-raising-vote-for-india-slogan-viral-on-the-internet-2/amp/,https://www.factcrescendo.com/old-video-of-pm-modis-rally-where-he-is-raising-vote-for-india-slogan-viral-on-the-internet-2/,503,
https://www.factcrescendo.com/has-muslim-country-saudi-arabia-got-a-gold-statue-of-pm-modi-made-and-installed/amp/,https://www.factcrescendo.com/has-muslim-country-saudi-arabia-got-a-gold-statue-of-pm-modi-made-and-installed/,503,
https://www.factcrescendo.com/there-was-no-painting-of-mahabharata-on-the-wall-in-the-meeting-of-pm-modi-and-biden/amp/,https://www.factcrescendo.com/there-was-no-painting-of-mahabharata-on-the-wall-in-the-meeting-of-pm-modi-and-biden/,503,
https://www.factcrescendo.com/old-video-of-pm-modis-rally-where-he-is-raising-vote-for-india-slogan-viral-on-the-internet/,https://www.factcrescendo.com/old-video-of-pm-modis-rally-where-he-is-raising-vote-for-india-slogan-viral-on-the-internet/,503,
https://www.factcrescendo.com/old-video-of-shoe-hurled-on-shivraj-singh-chauhan-shared-as-recent/amp/,https://www.factcrescendo.com/old-video-of-shoe-hurled-on-shivraj-singh-chauhan-shared-as-recent/,503,
https://www.factcrescendo.com/video-showing-injected-vegetables-is-scripted/amp/,https://www.factcrescendo.com/video-showing-injected-vegetables-is-scripted/,503,
https://www.factcrescendo.com/clipped-video-of-amit-shah-saying-manipur-issue-is-not-important-winning-election-is-viral/amp/,https://www.factcrescendo.com/clipped-video-of-amit-shah-saying-manipur-issue-is-not-important-winning-election-is-viral/,503,
https://www.factcrescendo.com/clipped-video-of-amit-shah-talking-about-rafale-scam-viral-with-a-false-claim/,https://www.factcrescendo.com/clipped-video-of-amit-shah-talking-about-rafale-scam-viral-with-a-false-claim/,200,
https://www.factcrescendo.com/the-wheel-marks-of-the-rover-shown-in-the-viral-post-are-not-original/amp/,https://www.factcrescendo.com/the-wheel-marks-of-the-rover-shown-in-the-viral-post-are-not-original/,200,
https://www.factcrescendo.com/scripted-video-showing-a-mobile-repair-shop-boy-hacking-girls-mobile-viral/amp/,https://www.factcrescendo.com/scripted-video-showing-a-mobile-repair-shop-boy-hacking-girls-mobile-viral/,200,मोबाइल ठीक करने वाले की करतूत देखो। ये मार्केट में नया आया है अब मोबाइल जिहादी अपने सारे जान पहचान और सारे परिवार में लोगों को बताए। जान पहचान वाले दुकान से ही फोन ठीक करवाओ। pic.twitter.com/OekInNzsvh
https://www.factcrescendo.com/scripted-video-showing-a-muslim-girl-sleeping-in-dirty-water-for-being-pregnant/amp/,https://www.factcrescendo.com/scripted-video-showing-a-muslim-girl-sleeping-in-dirty-water-for-being-pregnant/,200,
https://www.factcrescendo.com/fake-tweet-attributed-to-kareena-kapoor-about-thrashing-people-spreading-hatred/amp/,https://www.factcrescendo.com/fake-tweet-attributed-to-kareena-kapoor-about-thrashing-people-spreading-hatred/,200,
https://www.factcrescendo.com/video-showing-police-brutally-thrashing-a-criminal-is-scripted/amp/,https://www.factcrescendo.com/video-showing-police-brutally-thrashing-a-criminal-is-scripted/,200,पता नहीं ये कहां की वीडियो है लेकिन इन वाहशी पुलिस वालों पर सख्त कार्रवाई होनी चाहिए हुकूमत ने इतनी नफ़रत भर दी है कि लोग हैवानियत पर उतर आए हैं 😢😢 pic.twitter.com/yf66p6ClOi
https://www.factcrescendo.com/president-draupadi-murmu-has-not-given-any-reply-in-the-case-of-seema-haiders-petition-a-video-viral-with-misleading-claims/,https://www.factcrescendo.com/president-draupadi-murmu-has-not-given-any-reply-in-the-case-of-seema-haiders-petition-a-video-viral-with-misleading-claims/,200,
https://www.factcrescendo.com/images-from-2012-nirbhaya-protests-passed-off-as-manipur-violence/amp/,https://www.factcrescendo.com/images-from-2012-nirbhaya-protests-passed-off-as-manipur-violence/,200,
https://www.factcrescendo.com/terrorist-attack-on-bastille-day-celebration-7-years-ago-linked-to-the-recent-riots-in-france/amp/,https://www.factcrescendo.com/terrorist-attack-on-bastille-day-celebration-7-years-ago-linked-to-the-recent-riots-in-france/,200,
https://www.factcrescendo.com/this-sadhu-trapped-in-sex-scandal-is-not-from-india-but-from-srilanka/amp/,https://www.factcrescendo.com/this-sadhu-trapped-in-sex-scandal-is-not-from-india-but-from-srilanka/,200,देखो एक और बाबा हिंदू धर्म की रक्षा करते हुए एक जाता है तो दूसरा आ जाता है। हिंदुत्व को मजबूत करता कट्टर सनातनी बाबा आसाराम और राम रहीम के बाद एक और बाबा मैदान में जुग जुग जिया हो बाबा 😂🤣🤣 pic.twitter.com/UULmPFCilA
https://www.factcrescendo.com/the-incident-of-molestation-of-a-woman-in-2021-bihar-is-being-shared-as-recent/amp/,https://www.factcrescendo.com/the-incident-of-molestation-of-a-woman-in-2021-bihar-is-being-shared-as-recent/,503,
https://www.factcrescendo.com/video-of-massive-landslides-passed-off-as-recent-in-himachal-pradesh/amp/,https://www.factcrescendo.com/video-of-massive-landslides-passed-off-as-recent-in-himachal-pradesh/,503,
https://www.factcrescendo.com/clipped-video-of-delhi-power-minister-announcing-that-there-will-be-no-free-electricity-in-delhi/amp/,https://www.factcrescendo.com/clipped-video-of-delhi-power-minister-announcing-that-there-will-be-no-free-electricity-in-delhi/,503,
https://www.factcrescendo.com/scripted-video-showing-a-man-caught-while-smuggling-tomatoes-viral-on-the-internet/,https://www.factcrescendo.com/scripted-video-showing-a-man-caught-while-smuggling-tomatoes-viral-on-the-internet/,503,
https://www.factcrescendo.com/clipped-video-of-jp-nadda-saying-sanp-and-bicchu-to-pm-modi-viral-with-a-false-claim/amp/,https://www.factcrescendo.com/clipped-video-of-jp-nadda-saying-sanp-and-bicchu-to-pm-modi-viral-with-a-false-claim/,503,
https://www.factcrescendo.com/old-video-of-nitish-kumar-appealing-people-to-vote-for-pm-modi-viral-as-recent/amp/,https://www.factcrescendo.com/old-video-of-nitish-kumar-appealing-people-to-vote-for-pm-modi-viral-as-recent/,503,
https://www.factcrescendo.com/this-viral-video-of-policeman-being-thrashed-is-not-from-kanpu/amp/,https://www.factcrescendo.com/this-viral-video-of-policeman-being-thrashed-is-not-from-kanpu/,503,
https://www.factcrescendo.com/video-of-a-bus-driver-reciting-namaz-while-passengers-waiting-out-passed-off-with-a-communal-claim/amp/,https://www.factcrescendo.com/video-of-a-bus-driver-reciting-namaz-while-passengers-waiting-out-passed-off-with-a-communal-claim/,503,
https://www.factcrescendo.com/the-first-session-was-not-held-in-the-newly-constructed-parliament-house-the-viral-video-is-of-the-inauguration-of-the-parliament-house/,https://www.factcrescendo.com/the-first-session-was-not-held-in-the-newly-constructed-parliament-house-the-viral-video-is-of-the-inauguration-of-the-parliament-house/,503,
https://www.factcrescendo.com/clipped-video-of-collector-office-inauguration-in-telangana-viral-with-communal-angle/,https://www.factcrescendo.com/clipped-video-of-collector-office-inauguration-in-telangana-viral-with-communal-angle/,503,
https://www.factcrescendo.com/false-news-about-people-disrespecting-national-anthem-viral-with-a-false-claim/,https://www.factcrescendo.com/false-news-about-people-disrespecting-national-anthem-viral-with-a-false-claim/,503,
https://www.factcrescendo.com/old-video-of-mukhtar-abbas-naqvi-talking-about-passenger-safety-in-railways-viral-as-recent/,https://www.factcrescendo.com/old-video-of-mukhtar-abbas-naqvi-talking-about-passenger-safety-in-railways-viral-as-recent/,503,
https://www.factcrescendo.com/clipped-video-of-draupadi-murmu-linked-to-woman-wrestlers-protest/amp/,https://www.factcrescendo.com/clipped-video-of-draupadi-murmu-linked-to-woman-wrestlers-protest/,503,
https://www.factcrescendo.com/old-video-of-d-k-shivkumar-tearing-textbook-viral-as-recent/,https://www.factcrescendo.com/old-video-of-d-k-shivkumar-tearing-textbook-viral-as-recent/,503,
https://www.factcrescendo.com/video-showing-amul-lassi-packets-with-fungus-in-it-viral-with-a-misleading-claim/,https://www.factcrescendo.com/video-showing-amul-lassi-packets-with-fungus-in-it-viral-with-a-misleading-claim/,200,Issued in Public Interest by #Amul #AmulLassi pic.twitter.com/SyZKvrBYDr
https://www.factcrescendo.com/scripted-video-showing-a-hindu-man-marrying-his-own-sister-viral-on-the-internet/,https://www.factcrescendo.com/scripted-video-showing-a-hindu-man-marrying-his-own-sister-viral-on-the-internet/,200,These are scripted videos. The same “Pandit” appears in at least 3 other videos and makes derogatory comments. They were first uploaded by one Vikram Mishra. https://t.co/hFN42n1VQ7 pic.twitter.com/47DUhXw4rx
https://www.factcrescendo.com/siddaramaiahs-old-dance-video-viral-as-victory-dance-in-karnataka/amp/,https://www.factcrescendo.com/siddaramaiahs-old-dance-video-viral-as-victory-dance-in-karnataka/,200,
https://www.factcrescendo.com/did-congress-leader-digvijaya-singh-say-that-there-is-nothing-wrong-in-eating-beef/amp/,https://www.factcrescendo.com/did-congress-leader-digvijaya-singh-say-that-there-is-nothing-wrong-in-eating-beef/,200,
https://www.factcrescendo.com/video-of-a-muslim-man-talking-against-hindus-is-from-bangladesh/amp/,https://www.factcrescendo.com/video-of-a-muslim-man-talking-against-hindus-is-from-bangladesh/,200,"Friendly message from Bangladesh: -Corona pandemic and the many deaths and cremations in India is because of 'blasphemy' by Narsinghanand -Hindus, do tauba otherwise your dead bodies won't be cremated but eaten by cheel-kawwe -Ae pandit Narsinghanand, accept our Islam pic.twitter.com/CWwa75pLab"
https://www.factcrescendo.com/old-video-of-sidhu-moosewalas-last-ardaas-linked-to-recent-protests-at-jantar-mantar/amp/,https://www.factcrescendo.com/old-video-of-sidhu-moosewalas-last-ardaas-linked-to-recent-protests-at-jantar-mantar/,200,
https://www.factcrescendo.com/clipped-video-shared-as-pm-modi-admitting-that-bjp-means-more-riots-and-violence/,https://www.factcrescendo.com/clipped-video-shared-as-pm-modi-admitting-that-bjp-means-more-riots-and-violence/,200,
https://www.factcrescendo.com/video-from-2019-it-seizing-money-from-tyre-in-shivmogga-viral-as-karnataka-election/,https://www.factcrescendo.com/video-from-2019-it-seizing-money-from-tyre-in-shivmogga-viral-as-karnataka-election/,200,#WATCH : Rs 2.30 cr in cash stuffed inside the spare tire in a car seized by Income-Tax officials. The cash was being transported from Bengaluru to Shivamogga. #Karnataka pic.twitter.com/yUeRdKVyzY
https://www.factcrescendo.com/pm-is-not-talking-about-removing-evm-voting-system-in-this-video/,https://www.factcrescendo.com/pm-is-not-talking-about-removing-evm-voting-system-in-this-video/,200,
https://www.factcrescendo.com/clipped-video-of-amit-shah-calling-bjps-gov-the-most-corrupt-gov/amp/,https://www.factcrescendo.com/clipped-video-of-amit-shah-calling-bjps-gov-the-most-corrupt-gov/,503,
https://www.factcrescendo.com/clipped-video-showing-manmohan-singh-asked-to-vacate-sonia-gandhis-chair/amp/,https://www.factcrescendo.com/clipped-video-showing-manmohan-singh-asked-to-vacate-sonia-gandhis-chair/,503,
https://www.factcrescendo.com/the-woman-seen-with-the-jai-bhim-scarf-and-bhimrao-ramji-ambedkars-picture-is-not-a-collector-but-an-influencer-and-youtuber/amp/,https://www.factcrescendo.com/the-woman-seen-with-the-jai-bhim-scarf-and-bhimrao-ramji-ambedkars-picture-is-not-a-collector-but-an-influencer-and-youtuber/,503,
https://www.factcrescendo.com/the-viral-video-of-the-opinion-poll-of-abp-news-going-viral-regarding-the-rajasthan-assembly-elections-is-old/,https://www.factcrescendo.com/the-viral-video-of-the-opinion-poll-of-abp-news-going-viral-regarding-the-rajasthan-assembly-elections-is-old/,200,
https://www.factcrescendo.com/are-pakistanis-now-in-fear-after-atiq-ahmeds-murder-no-the-video-is-old/,https://www.factcrescendo.com/are-pakistanis-now-in-fear-after-atiq-ahmeds-murder-no-the-video-is-old/,200,
https://www.factcrescendo.com/this-video-of-police-arresting-girls-drinking-alcohol-mixed-with-a-cold-drink-is-scripted/amp/,https://www.factcrescendo.com/this-video-of-police-arresting-girls-drinking-alcohol-mixed-with-a-cold-drink-is-scripted/,503,
https://www.factcrescendo.com/pm-modis-claim-of-taking-any-major-step-soon-is-misleading/amp/,https://www.factcrescendo.com/pm-modis-claim-of-taking-any-major-step-soon-is-misleading/,503,
https://www.factcrescendo.com/pm-modi-is-not-speaking-about-bjp-agenda/amp/,https://www.factcrescendo.com/pm-modi-is-not-speaking-about-bjp-agenda/,503,
https://www.factcrescendo.com/this-video-of-tejashwi-yadav-has-nothing-to-do-with-the-arrest-of-manish-kashyap-or-the-bihar-bandh/,https://www.factcrescendo.com/this-video-of-tejashwi-yadav-has-nothing-to-do-with-the-arrest-of-manish-kashyap-or-the-bihar-bandh/,503,
https://www.factcrescendo.com/the-news-of-virat-kohli-visiting-bageshwar-dham-with-his-mother-is-false/,https://www.factcrescendo.com/the-news-of-virat-kohli-visiting-bageshwar-dham-with-his-mother-is-false/,503,
https://www.factcrescendo.com/2019-video-of-barmer-viral-with-misleading-claim/amp/,https://www.factcrescendo.com/2019-video-of-barmer-viral-with-misleading-claim/,503,
https://www.factcrescendo.com/did-virat-kohli-and-anushka-sharma-reach-for-the-visit-of-bageshwar-dham/,https://www.factcrescendo.com/did-virat-kohli-and-anushka-sharma-reach-for-the-visit-of-bageshwar-dham/,503,
https://www.factcrescendo.com/image-from-2020-shared-as-cheetah-helicopter-crash-in-arunachal-pradesh/,https://www.factcrescendo.com/image-from-2020-shared-as-cheetah-helicopter-crash-in-arunachal-pradesh/,503,
https://www.factcrescendo.com/this-video-of-a-woman-insisting-on-sitting-on-the-bus-drivers-seat-is-scripted/,https://www.factcrescendo.com/this-video-of-a-woman-insisting-on-sitting-on-the-bus-drivers-seat-is-scripted/,200,
https://www.factcrescendo.com/pm-modi-did-not-say-that-he-is-uneducated-2/amp/,https://www.factcrescendo.com/pm-modi-did-not-say-that-he-is-uneducated-2/,200,
https://www.factcrescendo.com/is-indias-first-cable-car-built-in-bengaluru/amp/,https://www.factcrescendo.com/is-indias-first-cable-car-built-in-bengaluru/,200,
https://www.factcrescendo.com/case-of-murder-of-a-youth-in-telangana-due-to-love-affair-viral-with-fake-communal-claim/amp/,https://www.factcrescendo.com/case-of-murder-of-a-youth-in-telangana-due-to-love-affair-viral-with-fake-communal-claim/,200,
https://www.factcrescendo.com/this-video-of-barat-being-taken-out-on-bulldozer-is-from-gujarat-and-not-from-up/,https://www.factcrescendo.com/this-video-of-barat-being-taken-out-on-bulldozer-is-from-gujarat-and-not-from-up/,200,
https://www.factcrescendo.com/clipped-video-of-uddhav-thackeray-viral-with-false-claim/amp/,https://www.factcrescendo.com/clipped-video-of-uddhav-thackeray-viral-with-false-claim/,200,
https://www.factcrescendo.com/sadhgurus-photo-with-daughter-viral-with-the-misleading-claim/amp/,https://www.factcrescendo.com/sadhgurus-photo-with-daughter-viral-with-the-misleading-claim/,200,A fortune to spend an hour with my dear father and they tell me it is #FathersDay . -Sg pic.twitter.com/9XJFWGtcsp
https://www.factcrescendo.com/did-the-bjp-spokesperson-gaurav-bhatia-say-that-narendra-modi-becoming-the-prime-minister-is-an-insult-to-democracy/amp/,https://www.factcrescendo.com/did-the-bjp-spokesperson-gaurav-bhatia-say-that-narendra-modi-becoming-the-prime-minister-is-an-insult-to-democracy/,200,
https://www.factcrescendo.com/false-news-about-lockdown-in-rajasthan-till-march-31st-viral-on-the-internet/,https://www.factcrescendo.com/false-news-about-lockdown-in-rajasthan-till-march-31st-viral-on-the-internet/,503,
https://www.factcrescendo.com/clipped-video-of-rahul-gandhi-saying-this-country-doesnt-belong-to-priests-viral/,https://www.factcrescendo.com/clipped-video-of-rahul-gandhi-saying-this-country-doesnt-belong-to-priests-viral/,503,
https://www.factcrescendo.com/video-of-a-bangladeshi-body-builder-kicking-his-prize-viral-with-a-false-claim/amp/,https://www.factcrescendo.com/video-of-a-bangladeshi-body-builder-kicking-his-prize-viral-with-a-false-claim/,503,
https://www.factcrescendo.com/unrelated-images-passed-off-as-the-images-of-the-recent-manipur-landslide/amp/,https://www.factcrescendo.com/unrelated-images-passed-off-as-the-images-of-the-recent-manipur-landslide/,503,
https://www.factcrescendo.com/old-picture-of-sharad-pawar-and-eknath-shinde-viral-as-recent/,https://www.factcrescendo.com/old-picture-of-sharad-pawar-and-eknath-shinde-viral-as-recent/,503,
https://www.factcrescendo.com/clipped-video-of-amit-shah-showing-he-couldnt-answer-a-reporters-question-falsely-shared/amp/,https://www.factcrescendo.com/clipped-video-of-amit-shah-showing-he-couldnt-answer-a-reporters-question-falsely-shared/,503,
https://www.factcrescendo.com/justice-suryakant-and-justice-pardiwala-was-not-having-lunch-with-ndtv-owner-prannoy-roy/amp/,https://www.factcrescendo.com/justice-suryakant-and-justice-pardiwala-was-not-having-lunch-with-ndtv-owner-prannoy-roy/,503,
https://www.factcrescendo.com/clipped-video-of-rahul-gandhis-speech-linked-to-agnipath-protest-viral/amp/,https://www.factcrescendo.com/clipped-video-of-rahul-gandhis-speech-linked-to-agnipath-protest-viral/,503,
https://www.factcrescendo.com/old-video-of-nitish-kumar-calling-bjp-badka-jhootta-party-viral-as-recent/,https://www.factcrescendo.com/old-video-of-nitish-kumar-calling-bjp-badka-jhootta-party-viral-as-recent/,503,
https://www.factcrescendo.com/old-video-of-shivsena-ncp-leaders-fighting-linked-to-maharashtra-political-crisis/,https://www.factcrescendo.com/old-video-of-shivsena-ncp-leaders-fighting-linked-to-maharashtra-political-crisis/,503,
https://www.factcrescendo.com/video-of-police-lathicharge-in-ranchi-viral-as-lathicharge-in-prayagraj-against-agnipath-protesters/amp/,https://www.factcrescendo.com/video-of-police-lathicharge-in-ranchi-viral-as-lathicharge-in-prayagraj-against-agnipath-protesters/,503,
https://www.factcrescendo.com/old-video-of-azam-khan-saying-that-ram-krishna-are-his-ideals-viral/,https://www.factcrescendo.com/old-video-of-azam-khan-saying-that-ram-krishna-are-his-ideals-viral/,200,
https://www.factcrescendo.com/scripted-video-about-groom-beaten-for-asking-dowry-goes-viral-as-real-incident/,https://www.factcrescendo.com/scripted-video-about-groom-beaten-for-asking-dowry-goes-viral-as-real-incident/,200,
https://www.factcrescendo.com/pm-modi-was-not-ignored-by-joe-biden-in-quad-leaders-meet/,https://www.factcrescendo.com/pm-modi-was-not-ignored-by-joe-biden-in-quad-leaders-meet/,200,
https://www.factcrescendo.com/old-video-of-sonia-gandhi-saying-she-not-afraid-of-anyone-resurface-with-missing-context/amp/,https://www.factcrescendo.com/old-video-of-sonia-gandhi-saying-she-not-afraid-of-anyone-resurface-with-missing-context/,200,
https://www.factcrescendo.com/false-news-about-gold-chariot-washed-on-the-shores-of-srikakulam-viral-on-the-internet/,https://www.factcrescendo.com/false-news-about-gold-chariot-washed-on-the-shores-of-srikakulam-viral-on-the-internet/,200,
https://www.factcrescendo.com/muslims-are-not-fighting-for-food-after-their-ramzan-fast/,https://www.factcrescendo.com/muslims-are-not-fighting-for-food-after-their-ramzan-fast/,200,
https://www.factcrescendo.com/video-of-police-questioning-people-taking-out-rally-with-swords-in-assam/,https://www.factcrescendo.com/video-of-police-questioning-people-taking-out-rally-with-swords-in-assam/,200,पुलिस प्रशासन जब चाहेगा गुंडागर्दी 1 दिन में खत्म कर सकती हैं .. ऐसे पुलिस ऑफिसर को हम सेलूट करते हैं जो दंगा नियंत्रण करने के लिए मेहनत करते हैं और दंगे फसाद नहीं होने देते 🌹🙏🌹 विडियो आसाम कि बतायी जा रही है… pic.twitter.com/JJiYx8SEJ8
https://www.factcrescendo.com/an-old-photo-of-ias-keeping-his-shoe-on-a-hospital-bed-is-shared-as-a-recent-incident/,https://www.factcrescendo.com/an-old-photo-of-ias-keeping-his-shoe-on-a-hospital-bed-is-shared-as-a-recent-incident/,200,गनीमत है कि अभी ट्रेनी हैं वरना जूता मरीज के सिर पर भी रख सकते थे साहब जी।😡😡 https://t.co/MRElTqxw6Y pic.twitter.com/SYSYuNXYaM ||| The picture of Jagdish Sonkar SDM in Chattisgarh inspecting CHC is shocking and it's unacceptable
https://www.factcrescendo.com/video-od-children-being-given-arms-training-in-afghanistan-viral-as-from-india/,https://www.factcrescendo.com/video-od-children-being-given-arms-training-in-afghanistan-viral-as-from-india/,200,
https://www.factcrescendo.com/old-news-of-world-bank-removing-indias-developing-country-tag-viral-as-recent/amp/,https://www.factcrescendo.com/old-news-of-world-bank-removing-indias-developing-country-tag-viral-as-recent/,200,
https://www.factcrescendo.com/old-image-of-yogi-adityanath-drinking-water-from-handpump-viral-as-recent/amp/,https://www.factcrescendo.com/old-image-of-yogi-adityanath-drinking-water-from-handpump-viral-as-recent/,200,"बिस्लरी की बोतल मंगाकर प्यास बुझाते मुख्यमंत्री बहुत देखे होंगे, पर ऐसा मुख्यमंत्री नही देखा होगा, जो अपनी प्यास बुझाने के लिए हैंडपंप तक पहुँच जाए ❣️ pic.twitter.com/vim36Y2ePV"
https://www.factcrescendo.com/scripted-video-showing-love-jihad-viral-on-the-internet/,https://www.factcrescendo.com/scripted-video-showing-love-jihad-viral-on-the-internet/,503,
https://www.factcrescendo.com/old-video-from-phagwara-linked-to-recent-hindu-new-year-violence/,https://www.factcrescendo.com/old-video-from-phagwara-linked-to-recent-hindu-new-year-violence/,503,
https://www.factcrescendo.com/old-news-of-worlds-smallest-satellite-designed-by-tamil-nadu-students-revived-again/,https://www.factcrescendo.com/old-news-of-worlds-smallest-satellite-designed-by-tamil-nadu-students-revived-again/,503,
https://www.factcrescendo.com/false-news-about-yogi-scolding-a-brahmin-on-stage-is-going-viral-on-the-internet/,https://www.factcrescendo.com/false-news-about-yogi-scolding-a-brahmin-on-stage-is-going-viral-on-the-internet/,503,
https://www.factcrescendo.com/clipped-video-of-akhilesh-yadav-not-accepting-buddha-idol-falsely-shared/amp/,https://www.factcrescendo.com/clipped-video-of-akhilesh-yadav-not-accepting-buddha-idol-falsely-shared/,503,
https://www.factcrescendo.com/swami-prasad-maurya-was-not-beaten-by-people-in-malihabad/,https://www.factcrescendo.com/swami-prasad-maurya-was-not-beaten-by-people-in-malihabad/,503,
https://www.factcrescendo.com/old-video-of-akhilesh-yadavs-visit-to-london-falsely-linked-to-up-elections/,https://www.factcrescendo.com/old-video-of-akhilesh-yadavs-visit-to-london-falsely-linked-to-up-elections/,503,
https://www.factcrescendo.com/old-video-of-mayawati-suggesting-people-to-cast-their-vote-to-bjp-and-not-muslims/,https://www.factcrescendo.com/old-video-of-mayawati-suggesting-people-to-cast-their-vote-to-bjp-and-not-muslims/,503,
https://www.factcrescendo.com/clipped-video-of-yogi-adityanath-saying-akhilesh-yadav-can-do-anything-viral/,https://www.factcrescendo.com/clipped-video-of-yogi-adityanath-saying-akhilesh-yadav-can-do-anything-viral/,503,
https://www.factcrescendo.com/video-of-people-beating-sp-leader-vipin-manothiya-valmiki-being-falsely-shared/,https://www.factcrescendo.com/video-of-people-beating-sp-leader-vipin-manothiya-valmiki-being-falsely-shared/,503,
https://www.factcrescendo.com/pm-modis-statement-on-congress-shared-as-modi-admitting-his-divide-and-loot-policy/,https://www.factcrescendo.com/pm-modis-statement-on-congress-shared-as-modi-admitting-his-divide-and-loot-policy/,503,
https://www.factcrescendo.com/clipped-video-of-rahul-gandhi-stating-that-demonetisation-is-beneficial/,https://www.factcrescendo.com/clipped-video-of-rahul-gandhi-stating-that-demonetisation-is-beneficial/,503,
https://www.factcrescendo.com/old-video-of-navjot-singh-sidhu-criticizing-rahul-gandhi-revived-after-cm-candidate-announcement/amp/,https://www.factcrescendo.com/old-video-of-navjot-singh-sidhu-criticizing-rahul-gandhi-revived-after-cm-candidate-announcement/,503,
https://www.factcrescendo.com/old-video-of-bjp-mla-jai-mangal-kanojia-clashing-with-public-revived-with-misleading-claim/,https://www.factcrescendo.com/old-video-of-bjp-mla-jai-mangal-kanojia-clashing-with-public-revived-with-misleading-claim/,200,
https://www.factcrescendo.com/bsp-chief-mayawati-said-we-will-vote-bjp-to-defeat-samajwadi-party/,https://www.factcrescendo.com/bsp-chief-mayawati-said-we-will-vote-bjp-to-defeat-samajwadi-party/,200,सुश्री मायावती ने सपा प्रत्याशी को हराने के लिए दलितों से भाजपा को वोट देने के लिए किया ऐलान! #सपाई_गुंडा_नहीं_चलेगा @bjp4kanpurzone pic.twitter.com/pBcP1mv1XW
https://www.factcrescendo.com/ravi-kishan-saying-it-will-be-an-insult-if-yogi-adityanath-campaigns-in-gorakhpur/amp/,https://www.factcrescendo.com/ravi-kishan-saying-it-will-be-an-insult-if-yogi-adityanath-campaigns-in-gorakhpur/,200,"'हम महाराज जी से बोले -केवल पर्चा भरकर चले जायें, यहां प्रचार मत करना बड़ी बेइज्जती होगी' 'उत्तरप्रदेश के इतिहास में महाराज जी की सबसे बड़ी जीत होगी' : BJP सांसद रवि किशन #UPElection2022 pic.twitter.com/wpbxKdX9Z6"
https://www.factcrescendo.com/old-video-of-bjp-mla-beaten-by-localities-in-up-viral-as-recent/,https://www.factcrescendo.com/old-video-of-bjp-mla-beaten-by-localities-in-up-viral-as-recent/,200,दे दना दन🤣🤣🤣 यूपी में भाजपा विधायकों का हो रहा है जमकर स्वागत। विधायक जी अपने निर्वाचन क्षेत्र में 5 साल बाद गए तो गांव वालों ने किया उनका जमकर स्वागत। 😂😂😂 @yadavakhilesh @shailendraydv12 @OfficeABCD @DineshKumarLive pic.twitter.com/pY50UuVaqz
https://www.factcrescendo.com/abp-video-talking-about-sps-good-work-in-up-is-not-fully-shown/amp/,https://www.factcrescendo.com/abp-video-talking-about-sps-good-work-in-up-is-not-fully-shown/,200,
https://www.factcrescendo.com/old-video-of-evm-tampering-in-mp-viral-as-recent/amp/,https://www.factcrescendo.com/old-video-of-evm-tampering-in-mp-viral-as-recent/,200,लो जी कर दिया बीजेपी ने खेला वोटिंग मशीन द्वारा बीजेपी की ही पर्ची निकलने पर हुआ बबाल अब छल करके जीतना चाहती है बीजेपी सरकार #Election2022 #kismat #faruk #vgaurv pic.twitter.com/hjCM7ANpLY
https://www.factcrescendo.com/akhilesh-yadav-did-not-say-uttar-pradesh-needs-yogi-sarkar-to-prosper/amp/,https://www.factcrescendo.com/akhilesh-yadav-did-not-say-uttar-pradesh-needs-yogi-sarkar-to-prosper/,200,
https://www.factcrescendo.com/old-video-of-rajasthan-gov-providing-rs-2-lakh-to-farmers-viral-as-recent/,https://www.factcrescendo.com/old-video-of-rajasthan-gov-providing-rs-2-lakh-to-farmers-viral-as-recent/,200,
https://www.factcrescendo.com/old-video-of-police-lathi-charging-on-women-in-lucknow-viral-as-recent/amp/,https://www.factcrescendo.com/old-video-of-police-lathi-charging-on-women-in-lucknow-viral-as-recent/,200,"UP के मुख्यमंत्री योगी जी कहते है, कि प्रदेश में इतनी नौकरियां है, कि योग्य उम्मीदवार नही मिलते, वहीं दूसरी ओर आज लखनऊ में जब योग्य बी एड अभ्यर्थी नौकरियां मांगते है सरकार की तानाशाही इतनी शर्मनाक है कि वे गर्भवती महिलाओं का भी ख्याल नही करते उनके पेट मे लाठी मारते हैं। pic.twitter.com/PPGXFnev23"
https://www.factcrescendo.com/clipped-video-of-kanhaiya-kumar-talking-about-corona-viral-with-a-false-claim/amp/,https://www.factcrescendo.com/clipped-video-of-kanhaiya-kumar-talking-about-corona-viral-with-a-false-claim/,200,प्रचंड मूर्ख ..कह रहे हैं कन्हैया कुमार जी https://t.co/YhLL79LbrB pic.twitter.com/RnKPMDGfZl
https://www.factcrescendo.com/old-video-of-pm-modi-announcing-janata-curfew-viral-as-recent/,https://www.factcrescendo.com/old-video-of-pm-modi-announcing-janata-curfew-viral-as-recent/,200,
https://www.factcrescendo.com/deepika-padukone-did-not-cry-after-the-boycott-pathan-trends-on-social-media/,https://www.factcrescendo.com/deepika-padukone-did-not-cry-after-the-boycott-pathan-trends-on-social-media/,200,
https://www.factcrescendo.com/clipped-video-of-rahul-gandhi-saying-that-hindi-wont-be-useful-out-of-india/,https://www.factcrescendo.com/clipped-video-of-rahul-gandhi-saying-that-hindi-wont-be-useful-out-of-india/,200,
https://www.factcrescendo.com/clipped-video-of-shah-rukh-khan-saying-when-pakistan-wins-he-thinks-his-father-has-won/amp/,https://www.factcrescendo.com/clipped-video-of-shah-rukh-khan-saying-when-pakistan-wins-he-thinks-his-father-has-won/,200,
https://www.factcrescendo.com/clipped-video-of-pm-modi-eknath-shinde-at-vande-bharat-inauguration-falsely-shared/,https://www.factcrescendo.com/clipped-video-of-pm-modi-eknath-shinde-at-vande-bharat-inauguration-falsely-shared/,200,
https://www.factcrescendo.com/104-blood-on-call-helpline-number-is-not-for-the-entire-country/,https://www.factcrescendo.com/104-blood-on-call-helpline-number-is-not-for-the-entire-country/,200,
https://www.factcrescendo.com/clipped-video-of-akbaruddin-owaisi-claiming-to-swipe-out-congress-with-pm-modi-falsely-shared/amp/,https://www.factcrescendo.com/clipped-video-of-akbaruddin-owaisi-claiming-to-swipe-out-congress-with-pm-modi-falsely-shared/,200,"यह रहा सबसे बड़ा सबूत ! संतरों की B टीम का , जनाजा उठाएंगे मोडी जी के साथ मिलकर कांग्रेस का?? pic.twitter.com/qQHqIuNeFe"
https://www.factcrescendo.com/video-of-rahul-gandhi-speaking-even-while-mic-was-off-shared-with-a-false-claim/amp/,https://www.factcrescendo.com/video-of-rahul-gandhi-speaking-even-while-mic-was-off-shared-with-a-false-claim/,200,कांग्रेसी 🥄🍴चो कि.धैर्य की परीक्षा लेते हुए। माइक बंद है राहुल गांधी को फर्क नहीं पड़ता। नमस्ते बस इतना ही कहना था🙏 #राहुल_गांधी_जिंदाबाद #राहुल_के_फॉलोअर्स_जिंदाबाद pic.twitter.com/t9Xot5JaRx
https://www.factcrescendo.com/old-video-of-pooja-tomar-winning-the-medal-viral-as-recent/,https://www.factcrescendo.com/old-video-of-pooja-tomar-winning-the-medal-viral-as-recent/,200,भारत की बेटी मिक्सड मार्शल आर्ट खिलाड़ी पूजा तोमर ने दुबई में हुई मैट्रिक्स फाइट नाइट प्रतियोगिता में अमेरिका की खिलाड़ी बी गुएन को हराकर गोल्ड बेल्ट पर कब्जा करते हुए भारत का मान बढ़ाया और ये साबित कर दिया कि बेटी किसी से कम नहीं 🙏🇮🇳🚩🛕 बहुत बहुत बधाई एवं हार्दिक शुभकामनाएं🎉 pic.twitter.com/dKAXupDfRP
https://www.factcrescendo.com/old-video-of-gujarat-and-himachal-pradesh-election-result-shared-as-recent/,https://www.factcrescendo.com/old-video-of-gujarat-and-himachal-pradesh-election-result-shared-as-recent/,200,
https://www.factcrescendo.com/clipped-video-shared-to-claim-rahul-gandhi-said-i-want-power-and-a-seat-instead-of-truth/,https://www.factcrescendo.com/clipped-video-shared-to-claim-rahul-gandhi-said-i-want-power-and-a-seat-instead-of-truth/,200,
https://www.factcrescendo.com/old-video-of-gujarat-and-himachal-pradesh-election-results-viral-as-recent/,https://www.factcrescendo.com/old-video-of-gujarat-and-himachal-pradesh-election-results-viral-as-recent/,503,
https://www.factcrescendo.com/old-photo-of-pm-modi-and-indian-air-force-marshal-arjan-singh-viral-with-as-recent/,https://www.factcrescendo.com/old-photo-of-pm-modi-and-indian-air-force-marshal-arjan-singh-viral-with-as-recent/,503,
https://www.factcrescendo.com/video-clip-of-the-kerala-story-film-teaser-viral-with-a-false-claim/,https://www.factcrescendo.com/video-clip-of-the-kerala-story-film-teaser-viral-with-a-false-claim/,503,
https://www.factcrescendo.com/clipped-video-of-ashok-gehlot-saying-that-people-in-rajasthan-are-suffering/,https://www.factcrescendo.com/clipped-video-of-ashok-gehlot-saying-that-people-in-rajasthan-are-suffering/,503,
https://www.factcrescendo.com/old-photos-passed-off-as-low-pollution-level-in-delhi-during-diwali-2022/,https://www.factcrescendo.com/old-photos-passed-off-as-low-pollution-level-in-delhi-during-diwali-2022/,503,
https://www.factcrescendo.com/video-of-people-in-italy-bursting-crackers-on-new-year-passed-off-as-delhis/amp/,https://www.factcrescendo.com/video-of-people-in-italy-bursting-crackers-on-new-year-passed-off-as-delhis/,503,
https://www.factcrescendo.com/2016-video-of-a-football-fan-linked-to-a-recent-india-pakistan-cricket-match-in-the-t20-world-cup/amp/,https://www.factcrescendo.com/2016-video-of-a-football-fan-linked-to-a-recent-india-pakistan-cricket-match-in-the-t20-world-cup/,503,
https://www.factcrescendo.com/clipped-video-of-jp-nadda-claiming-that-he-lied-about-existence-of-bjp-in-1951-52/amp/,https://www.factcrescendo.com/clipped-video-of-jp-nadda-claiming-that-he-lied-about-existence-of-bjp-in-1951-52/,503,
https://www.factcrescendo.com/hardik-patel-called-pm-modi-as-feku-in-2016-before-he-joined-bjp/,https://www.factcrescendo.com/hardik-patel-called-pm-modi-as-feku-in-2016-before-he-joined-bjp/,503,
https://www.factcrescendo.com/clashes-between-two-groups-during-durga-visarjan-in-bilaspur-viral-with-a-communal-claim/amp/,https://www.factcrescendo.com/clashes-between-two-groups-during-durga-visarjan-in-bilaspur-viral-with-a-communal-claim/,503,
https://www.factcrescendo.com/clipped-video-of-arvind-kejriwal-misstating-lord-krishnas-name-instead-of-arjuns-viral/amp/,https://www.factcrescendo.com/clipped-video-of-arvind-kejriwal-misstating-lord-krishnas-name-instead-of-arjuns-viral/,503,
https://www.factcrescendo.com/false-news-about-yogi-adityanath-didnt-bow-down-to-mahatma-gandhis-statue-viral/,https://www.factcrescendo.com/false-news-about-yogi-adityanath-didnt-bow-down-to-mahatma-gandhis-statue-viral/,503,
https://www.factcrescendo.com/old-video-of-farooq-abdullah-singing-bhajan-viral-as-recent/amp/,https://www.factcrescendo.com/old-video-of-farooq-abdullah-singing-bhajan-viral-as-recent/,503,
https://www.factcrescendo.com/scripted-video-of-a-school-hm-throwing-a-reporter-out-of-the-class-viral-on-the-internet/,https://www.factcrescendo.com/scripted-video-of-a-school-hm-throwing-a-reporter-out-of-the-class-viral-on-the-internet/,503,
https://www.factcrescendo.com/anupriya-patel-is-not-supporting-bharat-jodo-yatra/amp/,https://www.factcrescendo.com/anupriya-patel-is-not-supporting-bharat-jodo-yatra/,200,
https://www.factcrescendo.com/video-claiming-rahul-gandhi-refused-to-perform-arti-falsely-shared/,https://www.factcrescendo.com/video-claiming-rahul-gandhi-refused-to-perform-arti-falsely-shared/,200,
https://www.factcrescendo.com/scripted-video-of-a-school-girl-being-kidnapped-viral-as-real/amp/,https://www.factcrescendo.com/scripted-video-of-a-school-girl-being-kidnapped-viral-as-real/,200,यह वीडियो बहुत महत्वपूर्ण है ! आप इसे ज्यादा से ज्यादा RT करिये आपकी एक कोशिश से बच्चो की ज़िन्दगी बच जाएगी 🙏 परिवार के बच्चों को बताओ और सभी को सावधान करो! इन लड़को की सूझबूझ से यह बच्ची बच गई! स्कूटी बाले दोनो सगे भाई जेल में है बच्चे चुराकर 20 हजार में बेचते थे !वीडियो आधी है pic.twitter.com/RcWX1J37UC
https://www.factcrescendo.com/clipped-video-of-bjp-workers-talking-about-aap-viral-with-a-false-claim/,https://www.factcrescendo.com/clipped-video-of-bjp-workers-talking-about-aap-viral-with-a-false-claim/,200,
https://www.factcrescendo.com/scripted-video-of-school-teachers-confronting-a-reporter-viral-on-the-internet/amp/,https://www.factcrescendo.com/scripted-video-of-school-teachers-confronting-a-reporter-viral-on-the-internet/,200,
https://www.factcrescendo.com/clipped-video-of-rahul-gandhi-shared-to-falsely-claim-that-he-made-an-anti-hindu-statement/amp/,https://www.factcrescendo.com/clipped-video-of-rahul-gandhi-shared-to-falsely-claim-that-he-made-an-anti-hindu-statement/,200,"हमें एक बार फिर इन"" हिन्दू ""और ""हिन्दुत्व वादियों"" को बाहर निकालना है — राहुल गांधी! PM तो तू सात जन्म मैं भी नहीं बन पायेगा लेकिन हिन्दुओं से यही नफरत तुझे एक दिन इटली जरूर पहुंचा देगी पप्पू ! pic.twitter.com/HQlCZANaSE"
https://www.factcrescendo.com/scripted-video-of-a-maulvi-touching-a-woman-inappropriately-viral-as-real-incident/,https://www.factcrescendo.com/scripted-video-of-a-maulvi-touching-a-woman-inappropriately-viral-as-real-incident/,200,"जो हिन्दू औरते कब्र मज़ार पीर दरगाह पर जाकर इन मौलवी मौलाना से फरियाद करती है उनके साथ कब्र मज़ार दरगाह के मौलवी,  मौलाना देखिये क्या करते है डोंगी पाखंडी, इसने तो पूरी तैयारी कर रखी थी, लेकिन समय रहते बचा लिया गया इस महिला को pic.twitter.com/YIpifM9MRU"
https://www.factcrescendo.com/old-video-of-congress-freedom-march-in-bangalore-linked-to-bharat-jodo-yatra/,https://www.factcrescendo.com/old-video-of-congress-freedom-march-in-bangalore-linked-to-bharat-jodo-yatra/,200,
https://www.factcrescendo.com/clipped-video-of-rahul-gandhi-during-book-release-viral-with-a-false-claim/amp/,https://www.factcrescendo.com/clipped-video-of-rahul-gandhi-during-book-release-viral-with-a-false-claim/,503,
https://www.factcrescendo.com/clipped-video-of-ashok-gehlot-drinking-holy-water-with-his-mask-on-viral/,https://www.factcrescendo.com/clipped-video-of-ashok-gehlot-drinking-holy-water-with-his-mask-on-viral/,200,
https://www.factcrescendo.com/clipped-video-of-rahul-gandhi-measuring-flour-in-litres-viral-on-the-internet/amp/,https://www.factcrescendo.com/clipped-video-of-rahul-gandhi-measuring-flour-in-litres-viral-on-the-internet/,503,
https://www.factcrescendo.com/scripted-video-of-a-man-marrying-his-daughter-in-law-viral-on-the-internet/,https://www.factcrescendo.com/scripted-video-of-a-man-marrying-his-daughter-in-law-viral-on-the-internet/,200,
https://www.factcrescendo.com/video-of-bharat-mata-offering-namaz-in-lucknow-school-is-clipped/amp/,https://www.factcrescendo.com/video-of-bharat-mata-offering-namaz-in-lucknow-school-is-clipped/,503,
https://www.factcrescendo.com/old-video-of-lalu-prasad-calling-nitish-kumar-ghatiya-and-scandalous-viral/,https://www.factcrescendo.com/old-video-of-lalu-prasad-calling-nitish-kumar-ghatiya-and-scandalous-viral/,200,
https://www.factcrescendo.com/clipped-video-of-amit-shah-speaking-about-cisf-viral-with-a-false-claim/amp/,https://www.factcrescendo.com/clipped-video-of-amit-shah-speaking-about-cisf-viral-with-a-false-claim/,503,
https://www.factcrescendo.com/scripted-video-showing-a-burqa-clad-woman-kidnapping-a-kid-viral/amp/,https://www.factcrescendo.com/scripted-video-showing-a-burqa-clad-woman-kidnapping-a-kid-viral/,503,
https://www.factcrescendo.com/video-of-people-chasing-a-buffalo-is-from-pakistan/amp/,https://www.factcrescendo.com/video-of-people-chasing-a-buffalo-is-from-pakistan/,503,
https://www.factcrescendo.com/old-video-of-miscreants-threatening-yati-narsinghanand-viral-as-recent/amp/,https://www.factcrescendo.com/old-video-of-miscreants-threatening-yati-narsinghanand-viral-as-recent/,503,
https://www.factcrescendo.com/scripted-video-of-a-panipuri-seller-mixing-harpic-in-water-viral-on-the-internet/,https://www.factcrescendo.com/scripted-video-of-a-panipuri-seller-mixing-harpic-in-water-viral-on-the-internet/,503,
https://www.factcrescendo.com/scripted-video-showing-an-old-man-marrying-his-two-daughters-viral/,https://www.factcrescendo.com/scripted-video-showing-an-old-man-marrying-his-two-daughters-viral/,503,
https://www.factcrescendo.com/clipped-video-of-digvijay-singh-talking-about-cow-beef-viral-with-a-false-claim/amp/,https://www.factcrescendo.com/clipped-video-of-digvijay-singh-talking-about-cow-beef-viral-with-a-false-claim/,503,
https://www.factcrescendo.com/old-video-of-indians-protesting-in-london-against-pakistan-is-viral-as-recent/amp/,https://www.factcrescendo.com/old-video-of-indians-protesting-in-london-against-pakistan-is-viral-as-recent/,200,
https://www.factcrescendo.com/old-video-of-people-protesting-for-human-rights-of-kashmiris-in-la-viral-as-recent/,https://www.factcrescendo.com/old-video-of-people-protesting-for-human-rights-of-kashmiris-in-la-viral-as-recent/,200,"#Thread 🚨- Post the #Taliban took control over #Afghanistan and it's capital #Kabul , @FactCrescendo has witnessed a rise in misinformation related to this event. Several unrelated images and videos are being shared online as footages of the country post the takeover."
https://www.factcrescendo.com/old-video-of-police-beating-a-don-in-gujarats-bhavnagar-viral-as-recent/amp/,https://www.factcrescendo.com/old-video-of-police-beating-a-don-in-gujarats-bhavnagar-viral-as-recent/,200,"गुजरात के नए मुख्यमंत्री भूपेन्द्र पटेल बनते ही, उनका रुझान आना शुरू हो गया है। भावनगर में पुलिस ने वहां के एक बड़े डॉन को गिरफ्तार करके बीच चौराहे पर पिटा .. pic.twitter.com/UZBTW7sb6z ||| #Thread 🚨- Post the #Taliban took control over #Afghanistan and it's capital #Kabul , @FactCrescendo has witnessed a rise in misinformation related to this event. Several unrelated images and videos are being shared online as footages of the country post the takeover."
https://www.factcrescendo.com/modi-did-not-say-that-he-is-a-thief/,https://www.factcrescendo.com/modi-did-not-say-that-he-is-a-thief/,200,
https://www.factcrescendo.com/clipped-video-of-rahul-gandhi-suggesting-to-replace-indian-army-with-farmers/,https://www.factcrescendo.com/clipped-video-of-rahul-gandhi-suggesting-to-replace-indian-army-with-farmers/,200,
https://www.factcrescendo.com/clipped-video-of-arvind-kejriwals-statement-about-farm-bills/,https://www.factcrescendo.com/clipped-video-of-arvind-kejriwals-statement-about-farm-bills/,200,
https://www.factcrescendo.com/rahul-gandhis-clipped-video-on-farmers-loan-waiver-viral-on-internet/,https://www.factcrescendo.com/rahul-gandhis-clipped-video-on-farmers-loan-waiver-viral-on-internet/,200,
https://www.factcrescendo.com/old-video-of-farmers-throwing-tomatoes-during-lockdown-shared-as-recent/amp/,https://www.factcrescendo.com/old-video-of-farmers-throwing-tomatoes-during-lockdown-shared-as-recent/,200,
https://www.factcrescendo.com/video-of-farmers-protesting-in-india-day-parade-in-hicksville-viral-as-recent/,https://www.factcrescendo.com/video-of-farmers-protesting-in-india-day-parade-in-hicksville-viral-as-recent/,503,
https://www.factcrescendo.com/old-video-of-terrorists-playing-football-with-severed-heads-in-syria-passed-off-as-recent/amp/,https://www.factcrescendo.com/old-video-of-terrorists-playing-football-with-severed-heads-in-syria-passed-off-as-recent/,503,
https://www.factcrescendo.com/old-video-of-a-bjp-councillor-thrashing-a-cop-viral-in-the-name-of-anil-upadhyay/,https://www.factcrescendo.com/old-video-of-a-bjp-councillor-thrashing-a-cop-viral-in-the-name-of-anil-upadhyay/,503,
https://www.factcrescendo.com/bjp-bengal-shares-clipped-video-of-tmc-candidate-kaushani-mukherjee/,https://www.factcrescendo.com/bjp-bengal-shares-clipped-video-of-tmc-candidate-kaushani-mukherjee/,503,
https://www.factcrescendo.com/clipped-video-on-amit-shah-speaking-about-bjps-political-intention/amp/,https://www.factcrescendo.com/clipped-video-on-amit-shah-speaking-about-bjps-political-intention/,503,
https://www.factcrescendo.com/clipped-video-of-pm-modi-speaking-about-poor-people-viral-on-the-internet/,https://www.factcrescendo.com/clipped-video-of-pm-modi-speaking-about-poor-people-viral-on-the-internet/,503,
https://www.factcrescendo.com/priyanka-gandhis-clipped-video-linked-to-rahul-gandhi-viral-on-internet/amp/,https://www.factcrescendo.com/priyanka-gandhis-clipped-video-linked-to-rahul-gandhi-viral-on-internet/,503,
https://www.factcrescendo.com/in-this-incident-in-maharashtra-the-claim-of-the-accused-being-a-muslim-is-fake-there-is-no-communal-angle/amp/,https://www.factcrescendo.com/in-this-incident-in-maharashtra-the-claim-of-the-accused-being-a-muslim-is-fake-there-is-no-communal-angle/,503,
https://www.factcrescendo.com/claim-of-selling-popcorn-mixed-with-urine-is-false-old-incident-is-viral-with-fake-claim/amp/,https://www.factcrescendo.com/claim-of-selling-popcorn-mixed-with-urine-is-false-old-incident-is-viral-with-fake-claim/,503,
https://www.factcrescendo.com/jaffrabad-murder-video-does-not-show-muslims-killing-a-hindu-man/,https://www.factcrescendo.com/jaffrabad-murder-video-does-not-show-muslims-killing-a-hindu-man/,503,
https://www.factcrescendo.com/this-picture-of-women-carrying-sacks-is-from-islamabad-not-india/amp/,https://www.factcrescendo.com/this-picture-of-women-carrying-sacks-is-from-islamabad-not-india/,503,
https://www.factcrescendo.com/he-claim-of-pm-modi-ignoring-joe-biden-is-false-the-person-seen-in-the-video-is-a-staff-member/amp/,https://www.factcrescendo.com/he-claim-of-pm-modi-ignoring-joe-biden-is-false-the-person-seen-in-the-video-is-a-staff-member/,503,
https://www.factcrescendo.com/did-pm-modi-sit-down-before-the-national-anthem-was-over-during-oath-taking-ceremony-in-odisha-claim-is-fake/amp/,https://www.factcrescendo.com/did-pm-modi-sit-down-before-the-national-anthem-was-over-during-oath-taking-ceremony-in-odisha-claim-is-fake/,503,
https://www.factcrescendo.com/madhavi-lata-gave-this-statement-related-to-muslim-community-not-after-the-election-results-but-during-the-campaign/amp/,https://www.factcrescendo.com/madhavi-lata-gave-this-statement-related-to-muslim-community-not-after-the-election-results-but-during-the-campaign/,503,
https://www.factcrescendo.com/the-woman-being-escorted-by-digvijay-singhs-guards-had-not-come-to-ask-him-for-rs-8500-the-claim-is-fake/amp/,https://www.factcrescendo.com/the-woman-being-escorted-by-digvijay-singhs-guards-had-not-come-to-ask-him-for-rs-8500-the-claim-is-fake/,200,
https://www.factcrescendo.com/video-of-old-meeting-of-dk-shivakumar-and-chandrababu-naidu-goes-viral-linking-it-to-2024-lok-sabha-elections/amp/,https://www.factcrescendo.com/video-of-old-meeting-of-dk-shivakumar-and-chandrababu-naidu-goes-viral-linking-it-to-2024-lok-sabha-elections/,200,
https://www.factcrescendo.com/this-viral-video-of-a-girl-smoking-a-cigarette-inside-a-temple-is-scripted/amp/,https://www.factcrescendo.com/this-viral-video-of-a-girl-smoking-a-cigarette-inside-a-temple-is-scripted/,200,
https://www.factcrescendo.com/om-prakash-rajbhars-viral-statement-against-bjp-is-old/amp/,https://www.factcrescendo.com/om-prakash-rajbhars-viral-statement-against-bjp-is-old/,200,
https://www.factcrescendo.com/this-statement-of-chandrababu-naidu-about-pm-modi-is-from-5-years-ago/amp/,https://www.factcrescendo.com/this-statement-of-chandrababu-naidu-about-pm-modi-is-from-5-years-ago/,200,
https://www.factcrescendo.com/pm-did-not-refuse-to-accept-rose-during-greeting-incomplete-video-goes-viral/amp/,https://www.factcrescendo.com/pm-did-not-refuse-to-accept-rose-during-greeting-incomplete-video-goes-viral/,200,
https://www.factcrescendo.com/the-claim-of-a-hindu-man-being-attacked-by-a-mob-in-pakistan-for-applying-tilak-is-fake/amp/,https://www.factcrescendo.com/the-claim-of-a-hindu-man-being-attacked-by-a-mob-in-pakistan-for-applying-tilak-is-fake/,200,سرگودھا کے حالات الحمدللہ مکمل طور پر پرامن اور کنٹرول میں ہیں، ڈسٹرکٹ امن کمیٹی اور کرسچین کمیونٹی کے ممبران نے پولیس کے ساتھ مل کر افہام و تفہیم اور امن کی فضا بحال کرنے میں موثر کردار ادا کیا۔ سرگودھا پولیس کے 02 ہزار سے زائد افسران اور جوان سکیورٹی ڈیوٹی پر موجود ہیں۔کسی کو… pic.twitter.com/sBpcK3nC7M
https://www.factcrescendo.com/%e0%a4%b6%e0%a4%bf%e0%a4%b5%e0%a4%9c%e0%a5%80-%e0%a4%a8%e0%a5%87-%e0%a4%95%e0%a4%b9%e0%a4%be-%e0%a4%9c%e0%a5%8b-%e0%a4%9a%e0%a4%be%e0%a4%b9%e0%a5%87-%e0%a4%95%e0%a4%b0-%e0%a4%b2%e0%a5%8b-%e0%a4%95/,https://www.factcrescendo.com/%e0%a4%b6%e0%a4%bf%e0%a4%b5%e0%a4%9c%e0%a5%80-%e0%a4%a8%e0%a5%87-%e0%a4%95%e0%a4%b9%e0%a4%be-%e0%a4%9c%e0%a5%8b-%e0%a4%9a%e0%a4%be%e0%a4%b9%e0%a5%87-%e0%a4%95%e0%a4%b0-%e0%a4%b2%e0%a5%8b-%e0%a4%95/,200,
https://www.factcrescendo.com/%e0%a4%a4%e0%a4%a5%e0%a5%8d%e0%a4%af-%e0%a4%95%e0%a5%80-%e0%a4%9c%e0%a4%be%e0%a4%82%e0%a4%9a-%e0%a4%95%e0%a5%8d%e0%a4%af%e0%a4%be-%e0%a4%9c%e0%a4%b5%e0%a4%be%e0%a4%b9%e0%a4%b0%e0%a4%b2%e0%a4%be/,https://www.factcrescendo.com/%e0%a4%a4%e0%a4%a5%e0%a5%8d%e0%a4%af-%e0%a4%95%e0%a5%80-%e0%a4%9c%e0%a4%be%e0%a4%82%e0%a4%9a-%e0%a4%95%e0%a5%8d%e0%a4%af%e0%a4%be-%e0%a4%9c%e0%a4%b5%e0%a4%be%e0%a4%b9%e0%a4%b0%e0%a4%b2%e0%a4%be/,200,
https://www.factcrescendo.com/%e0%a4%a4%e0%a4%a5%e0%a5%8d%e0%a4%af-%e0%a4%95%e0%a5%80-%e0%a4%9c%e0%a4%be%e0%a4%82%e0%a4%9a-%e0%a4%95%e0%a5%8d%e0%a4%af%e0%a4%be-%e0%a4%86%e0%a4%82%e0%a4%a7%e0%a5%8d%e0%a4%b0%e0%a4%aa%e0%a5%8d/,https://www.factcrescendo.com/%e0%a4%a4%e0%a4%a5%e0%a5%8d%e0%a4%af-%e0%a4%95%e0%a5%80-%e0%a4%9c%e0%a4%be%e0%a4%82%e0%a4%9a-%e0%a4%95%e0%a5%8d%e0%a4%af%e0%a4%be-%e0%a4%86%e0%a4%82%e0%a4%a7%e0%a5%8d%e0%a4%b0%e0%a4%aa%e0%a5%8d/,200,
https://www.factcrescendo.com/deo-of-up-deputy-cm-keshav-mauryas-protest-goes-viral-with-misleading-claims/amp/,https://www.factcrescendo.com/deo-of-up-deputy-cm-keshav-mauryas-protest-goes-viral-with-misleading-claims/,200,
https://www.factcrescendo.com/old-video-of-haryana-goes-viral-by-linking-it-to-the-recent-punjab-lok-sabha-elections/amp/,https://www.factcrescendo.com/old-video-of-haryana-goes-viral-by-linking-it-to-the-recent-punjab-lok-sabha-elections/,200,
https://www.factcrescendo.com/this-video-of-police-lathi-charge-has-nothing-to-do-with-lok-sabha-elections/amp/,https://www.factcrescendo.com/this-video-of-police-lathi-charge-has-nothing-to-do-with-lok-sabha-elections/,503,
https://www.factcrescendo.com/kharge-did-not-talk-about-ending-congress-edited-video-viral/,https://www.factcrescendo.com/kharge-did-not-talk-about-ending-congress-edited-video-viral/,503,
https://www.factcrescendo.com/muslim-community-in-karnataka-openly-claims-cow-slaughter-on-the-road-is-fake/amp/,https://www.factcrescendo.com/muslim-community-in-karnataka-openly-claims-cow-slaughter-on-the-road-is-fake/,503,
https://www.factcrescendo.com/mayawati-did-not-appeal-to-vote-for-bjp-the-viral-video-is-incomplete/amp/,https://www.factcrescendo.com/mayawati-did-not-appeal-to-vote-for-bjp-the-viral-video-is-incomplete/,503,
https://www.factcrescendo.com/old-video-of-modi-slogans-raised-for-rahul-gandhi-after-filing-nomination/,https://www.factcrescendo.com/old-video-of-modi-slogans-raised-for-rahul-gandhi-after-filing-nomination/,503,
https://www.factcrescendo.com/incomplete-video-of-kharge-distributing-money-to-muslims-goes-viral/,https://www.factcrescendo.com/incomplete-video-of-kharge-distributing-money-to-muslims-goes-viral/,503,
https://www.factcrescendo.com/video-of-2023-karnataka-assembly-elections-goes-viral-as-the-voting-of-recent-lok-sabha-elections/,https://www.factcrescendo.com/video-of-2023-karnataka-assembly-elections-goes-viral-as-the-voting-of-recent-lok-sabha-elections/,503,
https://www.factcrescendo.com/raveena-tandons-2012-video-goes-viral-linking-it-to-the-recent-lok-sabha-elections-2024/,https://www.factcrescendo.com/raveena-tandons-2012-video-goes-viral-linking-it-to-the-recent-lok-sabha-elections-2024/,503,
https://www.factcrescendo.com/bjp-leader-claiming-to-change-the-constitution-after-winning-400-seats-is-clipped/amp/,https://www.factcrescendo.com/bjp-leader-claiming-to-change-the-constitution-after-winning-400-seats-is-clipped/,503,
https://www.factcrescendo.com/ec-did-not-challenge-political-parties-to-hack-evms-viral-video-is-old/amp/,https://www.factcrescendo.com/ec-did-not-challenge-political-parties-to-hack-evms-viral-video-is-old/,503,
https://www.factcrescendo.com/video-of-modi-yogi-sloganeering-in-akhilesh-yadavs-road-show-is-one-year-old/amp/,https://www.factcrescendo.com/video-of-modi-yogi-sloganeering-in-akhilesh-yadavs-road-show-is-one-year-old/,503,
https://www.factcrescendo.com/adani-groups-claim-of-supplying-thousands-of-cows-to-arab-countries-is-fake-video-is-not-from-india/,https://www.factcrescendo.com/adani-groups-claim-of-supplying-thousands-of-cows-to-arab-countries-is-fake-video-is-not-from-india/,503,
https://www.factcrescendo.com/video-of-a-temple-in-andhra-pradesh-goes-viral-as-ram-temple-claim-is-fake/amp/,https://www.factcrescendo.com/video-of-a-temple-in-andhra-pradesh-goes-viral-as-ram-temple-claim-is-fake/,503,
https://www.factcrescendo.com/did-the-new-york-times-recently-publish-an-article-making-fun-of-pm-modi-before-the-lok-sabha-elections/amp/,https://www.factcrescendo.com/did-the-new-york-times-recently-publish-an-article-making-fun-of-pm-modi-before-the-lok-sabha-elections/,200,
